Ref,Val,Package,PosX,PosY,Rot,Side
"C1","C","C_Disc_D3.8mm_W2.6mm_P2.50mm",52.843750,-89.730000,180.000000,bottom
"C2","C","C_Disc_D3.8mm_W2.6mm_P2.50mm",71.663750,-89.710000,180.000000,bottom
"C3","C","C_Disc_D3.8mm_W2.6mm_P2.50mm",90.753750,-89.710000,180.000000,bottom
"C4","C","C_Disc_D3.8mm_W2.6mm_P2.50mm",109.643750,-89.720000,180.000000,bottom
"C5","C","C_Disc_D3.8mm_W2.6mm_P2.50mm",128.983750,-89.720000,180.000000,bottom
"C6","C","C_Disc_D3.8mm_W2.6mm_P2.50mm",147.993750,-89.670000,180.000000,bottom
"C7","C","C_Disc_D3.8mm_W2.6mm_P2.50mm",166.923750,-89.600000,180.000000,bottom
"C8","C","C_Disc_D3.8mm_W2.6mm_P2.50mm",185.923750,-89.750000,180.000000,bottom
"C9","C","C_Disc_D3.8mm_W2.6mm_P2.50mm",205.123750,-89.680000,180.000000,bottom
"C10","C","C_Disc_D3.8mm_W2.6mm_P2.50mm",224.463750,-89.570000,180.000000,bottom
"C11","C","C_Disc_D3.8mm_W2.6mm_P2.50mm",243.243750,-89.680000,180.000000,bottom
"C12","C","C_Disc_D3.8mm_W2.6mm_P2.50mm",261.273750,-89.690000,180.000000,bottom
"C13","C","C_Disc_D3.8mm_W2.6mm_P2.50mm",281.303750,-89.700000,180.000000,bottom
"C14","C","C_Disc_D3.8mm_W2.6mm_P2.50mm",309.793750,-89.690000,180.000000,bottom
"C15","C","C_Disc_D3.8mm_W2.6mm_P2.50mm",47.153750,-126.290000,180.000000,bottom
"C16","C","C_Disc_D3.8mm_W2.6mm_P2.50mm",71.943750,-126.370000,180.000000,bottom
"C17","C","C_Disc_D3.8mm_W2.6mm_P2.50mm",90.703750,-126.220000,180.000000,bottom
"C18","C","C_Disc_D3.8mm_W2.6mm_P2.50mm",109.873750,-126.220000,180.000000,bottom
"C19","C","C_Disc_D3.8mm_W2.6mm_P2.50mm",128.883750,-126.110000,180.000000,bottom
"C20","C","C_Disc_D3.8mm_W2.6mm_P2.50mm",147.923750,-126.120000,180.000000,bottom
"C21","C","C_Disc_D3.8mm_W2.6mm_P2.50mm",167.013750,-126.160000,180.000000,bottom
"C22","C","C_Disc_D3.8mm_W2.6mm_P2.50mm",186.063750,-126.160000,180.000000,bottom
"C23","C","C_Disc_D3.8mm_W2.6mm_P2.50mm",205.113750,-126.120000,180.000000,bottom
"C24","C","C_Disc_D3.8mm_W2.6mm_P2.50mm",224.133750,-126.120000,180.000000,bottom
"C25","C","C_Disc_D3.8mm_W2.6mm_P2.50mm",243.163750,-126.130000,180.000000,bottom
"C26","C","C_Disc_D3.8mm_W2.6mm_P2.50mm",262.163750,-126.160000,180.000000,bottom
"C27","C","C_Disc_D3.8mm_W2.6mm_P2.50mm",281.243750,-126.130000,180.000000,bottom
"C28","C","C_Disc_D3.8mm_W2.6mm_P2.50mm",305.113750,-126.080000,180.000000,bottom
"C29","C","C_Disc_D3.8mm_W2.6mm_P2.50mm",50.333750,-145.220000,180.000000,bottom
"C30","C","C_Disc_D3.8mm_W2.6mm_P2.50mm",76.503750,-145.230000,180.000000,bottom
"C31","C","C_Disc_D3.8mm_W2.6mm_P2.50mm",95.523750,-145.200000,180.000000,bottom
"C32","C","C_Disc_D3.8mm_W2.6mm_P2.50mm",114.613750,-145.150000,180.000000,bottom
"C33","C","C_Disc_D3.8mm_W2.6mm_P2.50mm",133.683750,-145.170000,180.000000,bottom
"C34","C","C_Disc_D3.8mm_W2.6mm_P2.50mm",152.693750,-145.180000,180.000000,bottom
"C35","C","C_Disc_D3.8mm_W2.6mm_P2.50mm",171.793750,-145.160000,180.000000,bottom
"C36","C","C_Disc_D3.8mm_W2.6mm_P2.50mm",190.803750,-145.200000,180.000000,bottom
"C37","C","C_Disc_D3.8mm_W2.6mm_P2.50mm",209.863750,-145.180000,180.000000,bottom
"C38","C","C_Disc_D3.8mm_W2.6mm_P2.50mm",228.903750,-145.080000,180.000000,bottom
"C39","C","C_Disc_D3.8mm_W2.6mm_P2.50mm",247.983750,-145.140000,180.000000,bottom
"C40","C","C_Disc_D3.8mm_W2.6mm_P2.50mm",267.013750,-145.200000,180.000000,bottom
"C41","C","C_Disc_D3.8mm_W2.6mm_P2.50mm",295.543750,-138.180000,180.000000,bottom
"C42","C","C_Disc_D3.8mm_W2.6mm_P2.50mm",52.583750,-157.520000,180.000000,bottom
"C43","C","C_Disc_D3.8mm_W2.6mm_P2.50mm",86.033750,-164.250000,180.000000,bottom
"C44","C","C_Disc_D3.8mm_W2.6mm_P2.50mm",105.083750,-164.220000,180.000000,bottom
"C45","C","C_Disc_D3.8mm_W2.6mm_P2.50mm",124.153750,-164.250000,180.000000,bottom
"C46","C","C_Disc_D3.8mm_W2.6mm_P2.50mm",143.203750,-164.250000,180.000000,bottom
"C47","C","C_Disc_D3.8mm_W2.6mm_P2.50mm",162.263750,-164.240000,180.000000,bottom
"C48","C","C_Disc_D3.8mm_W2.6mm_P2.50mm",181.323750,-164.250000,180.000000,bottom
"C49","C","C_Disc_D3.8mm_W2.6mm_P2.50mm",200.353750,-164.240000,180.000000,bottom
"C50","C","C_Disc_D3.8mm_W2.6mm_P2.50mm",219.413750,-164.240000,180.000000,bottom
"C51","C","C_Disc_D3.8mm_W2.6mm_P2.50mm",238.443750,-164.270000,180.000000,bottom
"C52","C","C_Disc_D3.8mm_W2.6mm_P2.50mm",257.513750,-164.280000,180.000000,bottom
"C53","C","C_Disc_D3.8mm_W2.6mm_P2.50mm",290.563750,-157.470000,180.000000,bottom
"C54","C","C_Disc_D3.8mm_W2.6mm_P2.50mm",45.563750,-183.350000,180.000000,bottom
"C55","C","C_Disc_D3.8mm_W2.6mm_P2.50mm",69.393750,-183.290000,180.000000,bottom
"C56","C","C_Disc_D3.8mm_W2.6mm_P2.50mm",93.193750,-183.290000,180.000000,bottom
"C57","C","C_Disc_D3.8mm_W2.6mm_P2.50mm",164.613750,-183.270000,180.000000,bottom
"C58","C","C_Disc_D3.8mm_W2.6mm_P2.50mm",236.053750,-183.280000,180.000000,bottom
"C59","C","C_Disc_D3.8mm_W2.6mm_P2.50mm",259.873750,-183.290000,180.000000,bottom
"C60","C","C_Disc_D3.8mm_W2.6mm_P2.50mm",283.693750,-183.320000,180.000000,bottom
"C61","C","C_Disc_D3.8mm_W2.6mm_P2.50mm",307.493750,-183.270000,180.000000,bottom
"D123","1N4148","D_DO-35_SOD27_P7.62mm_Horizontal",60.888750,-103.040000,90.000000,bottom
"D124","1N4148","D_DO-35_SOD27_P7.62mm_Horizontal",79.938750,-103.040000,90.000000,bottom
"D125","1N4148","D_DO-35_SOD27_P7.62mm_Horizontal",98.988750,-103.040000,90.000000,bottom
"D126","1N4148","D_DO-35_SOD27_P7.62mm_Horizontal",118.038750,-103.040000,90.000000,bottom
"D127","1N4148","D_DO-35_SOD27_P7.62mm_Horizontal",137.088750,-103.040000,90.000000,bottom
"D128","1N4148","D_DO-35_SOD27_P7.62mm_Horizontal",156.138750,-103.040000,90.000000,bottom
"D129","1N4148","D_DO-35_SOD27_P7.62mm_Horizontal",175.188750,-103.040000,90.000000,bottom
"D130","1N4148","D_DO-35_SOD27_P7.62mm_Horizontal",194.238750,-103.040000,90.000000,bottom
"D131","1N4148","D_DO-35_SOD27_P7.62mm_Horizontal",213.288750,-103.040000,90.000000,bottom
"D132","1N4148","D_DO-35_SOD27_P7.62mm_Horizontal",232.338750,-103.040000,90.000000,bottom
"D133","1N4148","D_DO-35_SOD27_P7.62mm_Horizontal",251.388750,-103.040000,90.000000,bottom
"D134","1N4148","D_DO-35_SOD27_P7.62mm_Horizontal",270.438750,-103.040000,90.000000,bottom
"D135","1N4148","D_DO-35_SOD27_P7.62mm_Horizontal",289.488750,-103.040000,90.000000,bottom
"D136","1N4148","D_DO-35_SOD27_P7.62mm_Horizontal",327.588750,-103.040000,90.000000,bottom
"D137","1N4148","D_DO-35_SOD27_P7.62mm_Horizontal",70.413750,-122.090000,90.000000,bottom
"D138","1N4148","D_DO-35_SOD27_P7.62mm_Horizontal",89.463750,-122.090000,90.000000,bottom
"D139","1N4148","D_DO-35_SOD27_P7.62mm_Horizontal",108.513750,-122.090000,90.000000,bottom
"D140","1N4148","D_DO-35_SOD27_P7.62mm_Horizontal",127.563750,-122.090000,90.000000,bottom
"D141","1N4148","D_DO-35_SOD27_P7.62mm_Horizontal",146.613750,-122.090000,90.000000,bottom
"D142","1N4148","D_DO-35_SOD27_P7.62mm_Horizontal",165.663750,-122.090000,90.000000,bottom
"D143","1N4148","D_DO-35_SOD27_P7.62mm_Horizontal",184.713750,-122.090000,90.000000,bottom
"D144","1N4148","D_DO-35_SOD27_P7.62mm_Horizontal",203.763750,-122.090000,90.000000,bottom
"D145","1N4148","D_DO-35_SOD27_P7.62mm_Horizontal",222.813750,-122.090000,90.000000,bottom
"D146","1N4148","D_DO-35_SOD27_P7.62mm_Horizontal",241.863750,-122.090000,90.000000,bottom
"D147","1N4148","D_DO-35_SOD27_P7.62mm_Horizontal",260.913750,-122.090000,90.000000,bottom
"D148","1N4148","D_DO-35_SOD27_P7.62mm_Horizontal",279.855000,-122.090000,90.000000,bottom
"D149","1N4148","D_DO-35_SOD27_P7.62mm_Horizontal",299.013750,-122.090000,90.000000,bottom
"D150","1N4148","D_DO-35_SOD27_P7.62mm_Horizontal",327.588750,-122.090000,90.000000,bottom
"D151","1N4148","D_DO-35_SOD27_P7.62mm_Horizontal",75.176250,-141.140000,90.000000,bottom
"D152","1N4148","D_DO-35_SOD27_P7.62mm_Horizontal",94.226250,-141.140000,90.000000,bottom
"D153","1N4148","D_DO-35_SOD27_P7.62mm_Horizontal",113.276250,-141.140000,90.000000,bottom
"D154","1N4148","D_DO-35_SOD27_P7.62mm_Horizontal",132.326250,-141.140000,90.000000,bottom
"D155","1N4148","D_DO-35_SOD27_P7.62mm_Horizontal",151.376250,-141.140000,90.000000,bottom
"D156","1N4148","D_DO-35_SOD27_P7.62mm_Horizontal",170.426250,-141.140000,90.000000,bottom
"D157","1N4148","D_DO-35_SOD27_P7.62mm_Horizontal",189.476250,-141.140000,90.000000,bottom
"D158","1N4148","D_DO-35_SOD27_P7.62mm_Horizontal",208.526250,-141.140000,90.000000,bottom
"D159","1N4148","D_DO-35_SOD27_P7.62mm_Horizontal",227.576250,-141.140000,90.000000,bottom
"D160","1N4148","D_DO-35_SOD27_P7.62mm_Horizontal",246.626250,-141.140000,90.000000,bottom
"D161","1N4148","D_DO-35_SOD27_P7.62mm_Horizontal",265.676250,-141.140000,90.000000,bottom
"D162","1N4148","D_DO-35_SOD27_P7.62mm_Horizontal",284.726250,-141.140000,90.000000,bottom
"D163","1N4148","D_DO-35_SOD27_P7.62mm_Horizontal",327.588750,-141.140000,90.000000,bottom
"D164","1N4148","D_DO-35_SOD27_P7.62mm_Horizontal",84.701250,-160.190000,90.000000,bottom
"D165","1N4148","D_DO-35_SOD27_P7.62mm_Horizontal",103.751250,-160.190000,90.000000,bottom
"D166","1N4148","D_DO-35_SOD27_P7.62mm_Horizontal",122.801250,-160.190000,90.000000,bottom
"D167","1N4148","D_DO-35_SOD27_P7.62mm_Horizontal",141.851250,-160.190000,90.000000,bottom
"D168","1N4148","D_DO-35_SOD27_P7.62mm_Horizontal",160.901250,-160.190000,90.000000,bottom
"D169","1N4148","D_DO-35_SOD27_P7.62mm_Horizontal",179.951250,-160.190000,90.000000,bottom
"D170","1N4148","D_DO-35_SOD27_P7.62mm_Horizontal",199.001250,-160.190000,90.000000,bottom
"D171","1N4148","D_DO-35_SOD27_P7.62mm_Horizontal",218.051250,-160.190000,90.000000,bottom
"D172","1N4148","D_DO-35_SOD27_P7.62mm_Horizontal",237.101250,-160.190000,90.000000,bottom
"D173","1N4148","D_DO-35_SOD27_P7.62mm_Horizontal",256.151250,-160.190000,90.000000,bottom
"D174","1N4148","D_DO-35_SOD27_P7.62mm_Horizontal",275.201250,-160.190000,90.000000,bottom
"D175","1N4148","D_DO-35_SOD27_P7.62mm_Horizontal",327.588750,-160.190000,90.000000,bottom
"D176","1N4148","D_DO-35_SOD27_P7.62mm_Horizontal",65.651250,-179.240000,90.000000,bottom
"D177","1N4148","D_DO-35_SOD27_P7.62mm_Horizontal",89.463750,-179.240000,90.000000,bottom
"D178","1N4148","D_DO-35_SOD27_P7.62mm_Horizontal",113.276250,-179.240000,90.000000,bottom
"D179","1N4148","D_DO-35_SOD27_P7.62mm_Horizontal",232.338750,-179.240000,90.000000,bottom
"D180","1N4148","D_DO-35_SOD27_P7.62mm_Horizontal",256.151250,-179.240000,90.000000,bottom
"D181","1N4148","D_DO-35_SOD27_P7.62mm_Horizontal",279.963750,-179.240000,90.000000,bottom
"D183","1N4148","D_DO-35_SOD27_P7.62mm_Horizontal",327.588750,-179.240000,90.000000,bottom
"C62","C_Polarized_US","CP_Radial_D6.3mm_P2.50mm",45.193750,-84.700000,-90.000000,top
"D62","SK6812MINI","MX_SK6812MINI-E_REV",51.433750,-99.270000,0.000000,top
"D63","SK6812MINI","MX_SK6812MINI-E_REV",70.453750,-99.180000,0.000000,top
"D64","SK6812MINI","MX_SK6812MINI-E_REV",89.476250,-99.212500,0.000000,top
"D65","SK6812MINI","MX_SK6812MINI-E_REV",108.606250,-99.282500,0.000000,top
"D66","SK6812MINI","MX_SK6812MINI-E_REV",127.606250,-99.242500,0.000000,top
"D67","SK6812MINI","MX_SK6812MINI-E_REV",146.636250,-99.172500,0.000000,top
"D68","SK6812MINI","MX_SK6812MINI-E_REV",165.676250,-99.172500,0.000000,top
"D69","SK6812MINI","MX_SK6812MINI-E_REV",184.696250,-99.152500,0.000000,top
"D70","SK6812MINI","MX_SK6812MINI-E_REV",203.763750,-99.190000,0.000000,top
"D71","SK6812MINI","MX_SK6812MINI-E_REV",222.836250,-99.182500,0.000000,top
"D72","SK6812MINI","MX_SK6812MINI-E_REV",241.876250,-99.192500,0.000000,top
"D73","SK6812MINI","MX_SK6812MINI-E_REV",260.896250,-99.222500,0.000000,top
"D74","SK6812MINI","MX_SK6812MINI-E_REV",279.956250,-99.222500,0.000000,top
"D75","SK6812MINI","MX_SK6812MINI-E_REV",308.538750,-99.230000,0.000000,top
"D76","SK6812MINI","MX_SK6812MINI-E_REV",56.126250,-118.280000,0.000000,top
"D77","SK6812MINI","MX_SK6812MINI-E_REV",79.938750,-118.280000,0.000000,top
"D78","SK6812MINI","MX_SK6812MINI-E_REV",98.966250,-118.252500,0.000000,top
"D79","SK6812MINI","MX_SK6812MINI-E_REV",118.073750,-118.240000,0.000000,top
"D80","SK6812MINI","MX_SK6812MINI-E_REV",137.116250,-118.202500,0.000000,top
"D81","SK6812MINI","MX_SK6812MINI-E_REV",156.156250,-118.262500,0.000000,top
"D82","SK6812MINI","MX_SK6812MINI-E_REV",175.196250,-118.272500,0.000000,top
"D83","SK6812MINI","MX_SK6812MINI-E_REV",194.266250,-118.272500,0.000000,top
"D84","SK6812MINI","MX_SK6812MINI-E_REV",213.306250,-118.262500,0.000000,top
"D85","SK6812MINI","MX_SK6812MINI-E_REV",232.336250,-118.252500,0.000000,top
"D86","SK6812MINI","MX_SK6812MINI-E_REV",251.376250,-118.292500,0.000000,top
"D87","SK6812MINI","MX_SK6812MINI-E_REV",270.456250,-118.302500,0.000000,top
"D88","SK6812MINI","MX_SK6812MINI-E_REV",289.456250,-118.272500,0.000000,top
"D89","SK6812MINI","MX_SK6812MINI-E_REV",313.316250,-118.222500,0.000000,top
"D90","SK6812MINI","MX_SK6812MINI-E_REV",58.453750,-137.310000,0.000000,top
"D91","SK6812MINI","MX_SK6812MINI-E_REV",84.696250,-137.332500,0.000000,top
"D92","SK6812MINI","MX_SK6812MINI-E_REV",103.746250,-137.322500,0.000000,top
"D93","SK6812MINI","MX_SK6812MINI-E_REV",122.813750,-137.290000,0.000000,top
"D94","SK6812MINI","MX_SK6812MINI-E_REV",141.856250,-137.332500,0.000000,top
"D95","SK6812MINI","MX_SK6812MINI-E_REV",160.876250,-137.352500,0.000000,top
"D96","SK6812MINI","MX_SK6812MINI-E_REV",179.976250,-137.322500,0.000000,top
"D97","SK6812MINI","MX_SK6812MINI-E_REV",199.043750,-137.310000,0.000000,top
"D98","SK6812MINI","MX_SK6812MINI-E_REV",218.066250,-137.312500,0.000000,top
"D99","SK6812MINI","MX_SK6812MINI-E_REV",237.096250,-137.322500,0.000000,top
"D100","SK6812MINI","MX_SK6812MINI-E_REV",256.136250,-137.332500,0.000000,top
"D101","SK6812MINI","MX_SK6812MINI-E_REV",275.196250,-137.282500,0.000000,top
"D102","SK6812MINI","MX_SK6812MINI-E_REV",306.156250,-137.312500,0.000000,top
"D103","SK6812MINI","MX_SK6812MINI-E_REV",63.326250,-156.382500,0.000000,top
"D104","SK6812MINI","MX_SK6812MINI-E_REV",94.226250,-156.382500,0.000000,top
"D105","SK6812MINI","MX_SK6812MINI-E_REV",113.316250,-156.312500,0.000000,top
"D106","SK6812MINI","MX_SK6812MINI-E_REV",132.326250,-156.362500,0.000000,top
"D107","SK6812MINI","MX_SK6812MINI-E_REV",151.396250,-156.362500,0.000000,top
"D108","SK6812MINI","MX_SK6812MINI-E_REV",170.406250,-156.362500,0.000000,top
"D109","SK6812MINI","MX_SK6812MINI-E_REV",189.446250,-156.382500,0.000000,top
"D110","SK6812MINI","MX_SK6812MINI-E_REV",208.533750,-156.370000,0.000000,top
"D111","SK6812MINI","MX_SK6812MINI-E_REV",227.546250,-156.362500,0.000000,top
"D112","SK6812MINI","MX_SK6812MINI-E_REV",246.636250,-156.392500,0.000000,top
"D113","SK6812MINI","MX_SK6812MINI-E_REV",265.703750,-156.380000,0.000000,top
"D114","SK6812MINI","MX_SK6812MINI-E_REV",301.403750,-156.340000,0.000000,top
"D115","SK6812MINI","MX_SK6812MINI-E_REV",53.913750,-175.440000,0.000000,top
"D116","SK6812MINI","MX_SK6812MINI-E_REV",77.596250,-175.422500,0.000000,top
"D117","SK6812MINI","MX_SK6812MINI-E_REV",101.306250,-175.412500,0.000000,top
"D118","SK6812MINI","MX_SK6812MINI-E_REV",172.856250,-175.422500,0.000000,top
"D119","SK6812MINI","MX_SK6812MINI-E_REV",244.306250,-175.422500,0.000000,top
"D120","SK6812MINI","MX_SK6812MINI-E_REV",268.326250,-175.422500,0.000000,top
"D121","SK6812MINI","MX_SK6812MINI-E_REV",291.886250,-175.442500,0.000000,top
"D122","SK6812MINI","MX_SK6812MINI-E_REV",315.726250,-175.402500,0.000000,top
"D184","1N4148","D_DO-35_SOD27_P7.62mm_Horizontal",375.610000,-113.400000,180.000000,top
"DS1","OLED_128X64_1.3_I2C","LCD_OLED_128X64_1.3_I2C",356.883750,-144.587500,0.000000,top
"J2","Conn_01x02","JST_PH_S2B-PH-K_1x02_P2.00mm_Horizontal",344.583750,-173.590000,0.000000,top
"R1","Resistor","R_Axial_DIN0207_L6.3mm_D2.5mm_P10.16mm_Horizontal",40.163750,-94.560000,-90.000000,top
"SW1","RotaryEncoder_Switch","RotaryEncoder_Alps_EC11E-Switch_Vertical_H20mm_CircularMountingHoles",349.313750,-108.440000,0.000000,top
"SW2","SW_Push","SW_PUSH_6mm_H4.3mm",355.505000,-173.105000,0.000000,top
"SW3","SW_SPDT","SW_Slide-03_Wuerth-WS-SLTV_10x2.5x6.4_P2.54mm",372.373750,-178.210000,0.000000,top
"SW62","~","MX-Solderable-1U",51.363750,-99.230000,0.000000,top
"SW63","1","MX-Solderable-1U",70.413750,-99.230000,0.000000,top
"SW64","2","MX-Solderable-1U",89.463750,-99.230000,0.000000,top
"SW65","3","MX-Solderable-1U",108.513750,-99.230000,0.000000,top
"SW66","4","MX-Solderable-1U",127.563750,-99.230000,0.000000,top
"SW67","5","MX-Solderable-1U",146.613750,-99.230000,0.000000,top
"SW68","6","MX-Solderable-1U",165.663750,-99.230000,0.000000,top
"SW69","7","MX-Solderable-1U",184.713750,-99.230000,0.000000,top
"SW70","8","MX-Solderable-1U",203.763750,-99.230000,0.000000,top
"SW71","9","MX-Solderable-1U",222.813750,-99.230000,0.000000,top
"SW72","0","MX-Solderable-1U",241.863750,-99.230000,0.000000,top
"SW73","-","MX-Solderable-1U",260.913750,-99.230000,0.000000,top
"SW74","=","MX-Solderable-1U",279.963750,-99.230000,0.000000,top
"SW75","Backspace","MX-Solderable-2U",308.507000,-99.230000,0.000000,top
"SW76","Tab","MX-Solderable-1.5U",56.126250,-118.280000,0.000000,top
"SW77","Q","MX-Solderable-1U",79.938750,-118.280000,0.000000,top
"SW78","W","MX-Solderable-1U",98.988750,-118.280000,0.000000,top
"SW79","E","MX-Solderable-1U",118.038750,-118.280000,0.000000,top
"SW80","R","MX-Solderable-1U",137.088750,-118.280000,0.000000,top
"SW81","T","MX-Solderable-1U",156.138750,-118.280000,0.000000,top
"SW82","Y","MX-Solderable-1U",175.188750,-118.280000,0.000000,top
"SW83","U","MX-Solderable-1U",194.238750,-118.280000,0.000000,top
"SW84","I","MX-Solderable-1U",213.288750,-118.280000,0.000000,top
"SW85","O","MX-Solderable-1U",232.338750,-118.280000,0.000000,top
"SW86","P","MX-Solderable-1U",251.388750,-118.280000,0.000000,top
"SW87","[","MX-Solderable-1U",270.438750,-118.280000,0.000000,top
"SW88","]","MX-Solderable-1U",289.488750,-118.280000,0.000000,top
"SW89","|","MX-Solderable-1.5U",313.301250,-118.280000,0.000000,top
"SW90","Caps Lock","MX-Solderable-1.75U",58.507500,-137.330000,0.000000,top
"SW91","A","MX-Solderable-1U",84.701250,-137.330000,0.000000,top
"SW92","S","MX-Solderable-1U",103.751250,-137.330000,0.000000,top
"SW93","D","MX-Solderable-1U",122.801250,-137.330000,0.000000,top
"SW94","F","MX-Solderable-1U",141.851250,-137.330000,0.000000,top
"SW95","G","MX-Solderable-1U",160.901250,-137.330000,0.000000,top
"SW96","H","MX-Solderable-1U",179.951250,-137.330000,0.000000,top
"SW97","J","MX-Solderable-1U",199.001250,-137.330000,0.000000,top
"SW98","K","MX-Solderable-1U",218.051250,-137.330000,0.000000,top
"SW99","L","MX-Solderable-1U",237.101250,-137.330000,0.000000,top
"SW100",":","MX-Solderable-1U",256.151250,-137.330000,0.000000,top
"SW101",""","MX-Solderable-1U",275.201250,-137.330000,0.000000,top
"SW102","Enter","MX-Solderable-2.25U",306.157500,-137.330000,0.000000,top
"SW103","ShiftL","MX-Solderable-2.25U",63.270000,-156.380000,0.000000,top
"SW104","Z","MX-Solderable-1U",94.226250,-156.380000,0.000000,top
"SW105","X","MX-Solderable-1U",113.276250,-156.380000,0.000000,top
"SW106","C","MX-Solderable-1U",132.326250,-156.380000,0.000000,top
"SW107","V","MX-Solderable-1U",151.376250,-156.380000,0.000000,top
"SW108","B","MX-Solderable-1U",170.426250,-156.380000,0.000000,top
"SW109","N","MX-Solderable-1U",189.476250,-156.380000,0.000000,top
"SW110","M","MX-Solderable-1U",208.526250,-156.380000,0.000000,top
"SW111","<","MX-Solderable-1U",227.576250,-156.380000,0.000000,top
"SW112",">","MX-Solderable-1U",246.626250,-156.380000,0.000000,top
"SW113","?","MX-Solderable-1U",265.676250,-156.380000,0.000000,top
"SW114","ShiftR","MX-Solderable-2.75U",301.395000,-156.380000,0.000000,top
"SW115","CtrlL","MX-Solderable-1.25U",53.745000,-175.430000,0.000000,top
"SW116","Win","MX-Solderable-1.25U",77.557500,-175.430000,0.000000,top
"SW117","Alt","MX-Solderable-1.25U",101.370000,-175.430000,0.000000,top
"SW118","Space","MX-Solderable-6.25U",172.807500,-175.430000,0.000000,top
"SW119","Alt","MX-Solderable-1.25U",244.245000,-175.430000,0.000000,top
"SW120","Win","MX-Solderable-1.25U",268.057500,-175.430000,0.000000,top
"SW121","Menu","MX-Solderable-1.25U",291.870000,-175.430000,0.000000,top
"SW122","CtrlR","MX-Solderable-1.25U",315.682500,-175.430000,0.000000,top
"U2","SuperMini nRF52840","SuperMini NRF52840",378.313219,-80.219991,-90.000000,top
